,Kennung,Name,y2006,y2007,y2008,y2009,y2010,y2011,y2012,y2013,y2014,y2015,y2016,y2017,y2018
0,01011101,Stülerstr.,4.74,5.15,5.85,5.52,5.74,7.42,7.65,7.84,7.93,8.76,8.66,8.4,8.14
1,01011102,Großer Tiergarten,null,null,null,null,null,null,null,null,null,null,null,null,null
2,01011103,Lützowstr.,10.98,10.83,10.53,11.53,14.01,16.59,17.46,18.5,16.98,18.93,19.37,18.7,20.02
3,01011104,Körnerstr.,21.58,22.92,24.45,27.47,29.26,30.71,32.03,29.89,29.53,28.93,31.14,28.9,27.05
4,01011105,Nördl. Landwehrkanal,null,null,null,null,null,null,4.07,null,null,null,null,2.21,2.37
5,01011201,Wilhelmstr.,2.24,1.9,2.48,2.42,3.02,3.35,3.54,3.81,3.14,3.31,2.91,3.59,3.75
6,01011202,Unter den Linden Nord,null,null,null,null,null,null,null,null,null,null,null,null,null
7,01011203,Unter den Linden Süd,null,null,null,null,null,null,null,null,null,null,null,3.45,3.41
8,01011204,Leipziger Str.,2.91,3.03,3.48,3.18,3.23,3.7,3.43,4.02,4.02,4.31,4.4,4.4,4.6
9,01011301,Charitéviertel,1.81,2.05,2.14,2.53,1.95,2.54,2.94,2.57,2.57,3.09,3.16,2.95,2.94
10,01011302,Oranienburger Str.,3.86,5.09,5.26,5.91,5.61,4.91,5.29,5.35,5.3,5.22,5.01,5.24,5.32
11,01011303,Alexanderplatzviertel,2.91,2.74,2.73,2.68,3.0,3.93,4.5,4.96,5.05,5.26,5.71,6.23,6.7
12,01011304,Karl-Marx-Allee,1.27,1.73,1.74,1.65,1.66,1.84,2.04,2.15,2.16,2.35,2.3,2.69,2.97
13,01011305,Heine-Viertel West,1.29,1.31,1.16,1.15,1.22,1.13,1.49,1.7,1.89,2.01,2.23,1.98,2.14
14,01011306,Heine-Viertel Ost,1.26,1.16,1.48,1.44,1.59,1.91,2.08,2.21,2.19,2.39,2.63,2.86,2.72
15,01011401,Invalidenstr.,4.29,4.33,4.92,5.15,4.55,4.45,5.13,5.54,5.75,5.1,5.31,5.45,5.99
16,01011402,Arkonaplatz,5.25,5.67,5.26,4.93,5.26,5.75,5.8,6.2,5.76,6.13,6.13,6.22,5.62
17,01022101,Huttenkiez,10.31,10.55,9.74,9.92,14.39,14.45,16.67,16.79,16.55,20.33,22.03,21.62,20.27
18,01022102,Beusselkiez,10.86,11.35,11.98,10.08,12.27,16.92,18.0,19.21,19.11,20.57,20.2,21.13,22.71
19,01022103,Westhafen,null,null,null,null,null,null,null,null,null,null,null,null,null
20,01022104,Emdener Str.,10.64,11.46,12.23,11.78,13.06,14.04,14.83,15.46,15.22,16.15,16.4,16.21,16.05
21,01022105,Zwinglistr.,13.33,13.39,14.58,14.2,14.85,15.76,16.19,16.18,15.75,17.19,18.95,19.2,20.07
22,01022106,Elberfelder Str.,5.34,5.3,4.89,4.76,5.38,5.65,5.84,6.45,6.69,6.97,7.07,7.95,7.65
23,01022201,Stephankiez,11.44,11.91,12.23,11.86,12.85,13.33,13.63,13.43,12.46,12.98,14.0,14.17,14.78
24,01022202,Heidestr.,13.33,14.81,12.14,14.97,15.33,14.29,15.53,13.29,16.25,16.07,15.08,16.02,15.05
25,01022203,Lübecker Str.,14.25,14.9,14.62,15.57,15.05,15.75,17.17,18.46,18.62,19.2,19.47,19.64,19.03
26,01022204,Thomasiusstr.,8.02,8.43,8.83,7.02,7.37,7.76,7.62,7.89,7.36,8.42,9.11,9.36,9.62
27,01022205,Zillesiedlung,16.12,18.15,17.66,15.79,19.74,19.37,20.26,21.93,17.8,20.4,21.34,21.3,21.4
28,01022206,Lüneburger Str.,7.67,6.53,7.87,6.8,8.7,8.56,8.93,9.63,9.56,10.21,10.91,10.77,11.73
29,01022207,Hansaviertel,7.91,7.94,7.92,8.43,8.47,8.06,8.58,9.14,9.0,9.47,9.44,9.14,9.15
30,01033101,Soldiner Str.,8.73,9.95,10.19,10.06,11.43,13.73,14.93,15.75,14.35,15.44,16.31,16.97,17.62
31,01033102,Gesundbrunnen,9.77,10.85,10.86,10.03,11.02,11.47,11.65,13.42,13.21,12.88,13.18,14.03,14.38
32,01033201,Brunnenstr.,10.94,12.71,13.89,13.59,14.77,16.9,16.39,16.29,16.83,17.06,17.2,17.53,18.26
33,01033202,Humboldthain Süd,6.59,7.13,8.01,7.71,8.47,8.28,9.02,9.93,9.52,10.64,10.77,11.59,11.93
34,01033203,Humboldthain NW,10.17,10.84,11.71,11.34,12.48,13.25,14.97,14.86,15.0,16.19,17.17,17.41,18.29
35,01044101,Rehberge,5.33,5.36,5.56,5.52,6.41,7.36,7.87,8.25,7.76,8.65,9.18,9.8,10.16
36,01044102,Schillerpark,4.17,4.62,4.4,4.18,4.19,4.68,4.92,5.5,5.57,6.39,6.55,6.72,7.39
37,01044103,Westl. Müllerstr.,8.38,9.85,11.27,10.12,11.88,13.27,14.73,15.03,14.79,16.37,16.81,17.18,17.4
38,01044201,Reinickendorfer Str.,11.65,12.71,13.21,13.4,14.06,14.45,14.79,15.29,15.17,16.74,17.3,18.0,18.08
39,01044202,Sparrplatz,12.04,13.98,13.66,12.53,13.68,14.5,14.69,13.63,13.64,15.68,17.27,17.75,18.26
40,01044203,Leopoldplatz,10.67,12.31,12.47,11.99,13.84,15.15,15.69,16.34,15.69,18.72,19.53,20.27,21.35
41,02010101,Askanischer Platz,20.44,21.17,21.34,19.14,20.61,22.57,24.0,24.31,24.52,25.85,24.19,23.87,23.19
42,02010102,Mehringplatz,18.27,19.5,20.15,18.78,19.29,20.34,21.35,21.61,22.14,24.06,24.37,25.21,25.3
43,02010103,Moritzplatz,10.91,11.43,12.86,12.54,13.47,14.44,14.86,15.85,16.09,16.41,17.27,17.66,17.48
44,02010104,Wassertorplatz,23.11,24.42,24.81,24.85,26.52,28.06,28.83,29.68,29.12,28.99,28.11,27.32,26.89
45,02020201,Gleisdreieck/Entwickl.-gebiet,null,null,null,null,null,null,null,null,null,null,null,null,2.09
46,02020202,Rathaus Yorckstraße,8.98,9.27,9.6,9.65,10.14,9.88,10.64,11.3,10.97,11.68,12.44,12.95,13.54
47,02020203,Viktoriapark,6.57,7.37,8.49,8.21,8.13,8.45,8.84,9.47,9.74,9.62,10.5,10.89,11.45
48,02020204,Urbanstraße,12.43,13.53,13.9,11.18,11.12,11.37,12.91,13.05,12.53,13.43,14.25,14.43,14.35
49,02020205,Chamissokiez,10.76,13.58,13.54,12.05,12.77,13.07,13.38,12.5,12.66,12.91,12.65,12.87,13.14
50,02020206,Graefekiez,11.29,12.85,13.95,12.53,14.29,14.35,15.1,15.87,13.66,16.51,16.21,16.58,16.49
51,02030301,Oranienplatz,25.0,24.52,26.01,23.07,23.51,22.96,25.34,24.77,24.39,26.35,25.71,24.95,22.31
52,02030302,Lausitzer Platz,18.83,19.85,22.16,20.65,21.78,22.2,22.4,21.74,21.19,21.21,21.34,22.11,20.86
53,02030401,Reichenberger Straße,14.57,16.27,16.64,15.5,16.18,15.12,16.03,16.77,14.63,16.16,16.55,16.78,17.2
54,02030402,Wrangelkiez,16.25,17.48,17.53,16.6,17.1,17.5,17.29,17.46,17.01,16.2,16.43,17.39,18.5
55,02040501,Barnimkiez,0.93,0.97,1.31,1.4,1.37,1.41,1.53,1.54,1.38,1.72,1.58,1.78,1.84
56,02040502,Friedenstraße,2.51,2.52,2.95,2.9,2.91,2.74,3.22,3.4,3.36,3.6,3.14,3.11,3.52
57,02040503,Richard-Sorge-Viertel,2.03,2.13,2.5,2.43,2.5,2.2,2.1,1.79,1.65,1.84,2.46,2.66,2.9
58,02040701,Andreasviertel,2.15,2.53,2.93,3.06,2.59,2.86,3.43,3.43,3.81,3.89,3.91,4.09,4.9
59,02040702,Weberwiese,2.79,2.89,3.01,2.78,3.1,2.78,2.67,2.93,3.29,3.9,3.42,3.65,3.95
60,02040703,Wriezener Bahnh./Entwickl.-geb.,null,null,null,null,null,null,null,null,null,null,null,22.73,24.14
61,02050601,Hausburgviertel,6.81,6.88,7.39,6.98,7.69,7.96,7.63,7.6,7.87,8.38,9.22,10.4,11.2
62,02050602,Samariterviertel,6.77,7.38,9.18,8.27,8.43,7.87,9.39,8.94,7.64,8.94,9.51,9.29,9.88
63,02050801,Traveplatz,5.79,5.95,5.3,5.59,5.62,5.88,7.57,8.54,7.69,8.4,8.16,9.06,9.47
64,02050802,Boxhagener Platz,7.29,7.11,7.07,5.75,5.71,5.96,6.89,6.89,6.6,7.01,6.21,6.5,6.55
65,02050803,Stralauer Kiez,4.18,4.85,5.23,4.63,4.36,4.66,5.51,6.01,6.16,6.14,5.85,6.9,7.87
66,02050804,Stralauer Halbinsel,1.42,1.78,1.48,1.55,1.14,1.03,1.25,1.16,2.09,1.94,2.1,2.14,2.05
67,03010101,Bucher Forst,1.57,1.7,1.62,1.05,1.05,0.92,1.6,1.63,1.18,0.98,0.95,1.86,2.58
68,03010102,Buch,1.1,1.42,1.66,1.75,1.68,1.87,1.8,1.8,2.16,2.28,2.12,2.11,2.17
69,03010104,Lietzengraben,null,null,null,null,null,null,null,null,null,null,null,null,null
70,03020203,Blankenfelde,null,null,null,null,null,null,0.0,null,null,0.6,null,null,0.74
71,03020209,Niederschönhausen,1.12,1.54,1.65,1.9,1.54,1.54,1.39,2.06,1.77,1.8,1.82,1.61,1.82
72,03020210,Herthaplatz,2.12,2.52,2.81,2.5,2.12,2.07,2.32,2.48,2.48,2.06,1.92,2.31,2.05
73,03020307,Buchholz,3.13,3.28,3.09,2.91,2.9,2.88,2.99,3.29,2.88,3.28,2.78,2.82,3.13
74,03030405,Karow-Nord,2.5,3.03,2.97,2.28,2.19,2.48,2.47,2.52,2.67,2.9,2.76,2.77,3.1
75,03030406,Alt-Karow,0.46,0.64,0.68,0.79,0.82,0.93,0.94,0.74,0.77,0.81,0.83,0.92,0.85
76,03030711,Blankenburg,0.25,0.23,null,null,null,0.43,0.42,0.63,0.69,0.54,0.53,0.38,0.5
77,03030715,Heinersdorf,1.03,1.23,1.01,1.06,0.9,1.32,1.56,1.53,1.33,1.67,1.78,1.77,1.44
78,03030716,Märchenland,null,null,null,null,null,null,0.0,null,null,null,null,null,null
79,03040508,Rosenthal,1.31,1.24,1.51,1.59,1.0,1.87,1.94,1.75,1.13,1.54,1.25,1.23,1.87
80,03040512,Wilhelmsruh,1.16,1.07,1.34,1.24,1.28,1.47,1.6,2.01,2.4,2.13,2.11,1.84,2.01
81,03040513,Schönholz,2.37,2.35,2.47,1.91,1.91,1.73,2.29,2.37,1.59,1.78,1.9,2.05,2.03
82,03040614,Pankow-Zentrum,1.66,1.88,2.12,1.88,1.75,1.94,2.14,2.3,2.1,2.57,2.31,2.27,2.4
83,03040818,Pankow-Süd,2.17,2.54,2.52,2.42,2.37,2.41,2.52,2.88,2.87,3.05,2.92,3.28,3.31
84,03050919,Gustav-Adolf-Straße,1.37,1.6,2.22,1.95,1.4,1.89,1.87,1.9,1.84,2.56,2.35,2.37,4.13
85,03050920,Weißer See,0.98,1.06,1.32,1.46,1.31,1.48,1.46,1.66,1.72,1.8,1.22,1.31,1.78
86,03050923,Weißenseer Spitze,3.63,3.49,3.8,4.46,4.4,4.71,5.0,5.45,5.68,5.69,5.26,5.64,4.07
87,03050924,Behaimstraße,3.52,2.99,3.37,3.65,4.31,4.72,5.01,4.95,6.13,6.6,5.54,6.64,7.35
88,03050925,Komp.-viertel Weißensee,2.11,2.33,1.93,2.45,2.5,2.93,2.98,3.28,3.26,3.71,3.54,4.08,3.65
89,03051017,Rennbahnstraße,2.85,2.85,3.43,2.6,1.99,2.55,3.5,3.58,3.99,4.86,4.18,3.95,3.24
90,03051021,Buschallee,1.65,2.14,2.25,2.13,1.45,1.71,1.96,2.08,2.09,2.36,2.34,2.26,2.31
91,03051022,Hansastraße,0.76,0.83,1.23,1.42,0.93,1.02,1.13,1.23,0.95,0.97,0.62,0.6,0.83
92,03061126,Arnimplatz,3.92,4.45,5.27,5.79,4.86,4.92,5.47,6.58,7.71,7.91,6.94,6.21,6.68
93,03061131,Falkplatz,4.97,5.17,6.37,6.16,4.6,4.66,4.94,5.59,7.07,6.74,6.53,6.94,6.95
94,03061227,Humannplatz,3.55,3.83,3.9,3.77,3.2,3.25,3.9,4.43,4.72,4.81,5.18,4.81,4.98
95,03061228,Erich-Weinert-Straße,2.39,2.67,3.24,2.98,2.66,3.02,3.14,3.51,3.8,4.17,3.97,4.14,4.7
96,03061332,Helmholtzplatz,7.4,8.29,9.2,9.67,9.54,9.42,9.16,9.28,9.42,10.56,10.1,10.7,10.42
97,03061429,Greifswalder Straße,1.3,1.44,1.45,1.33,1.09,1.13,1.43,1.69,1.11,1.61,1.69,1.73,1.78
98,03061430,Volkspark Prenzlauer Berg,1.28,1.37,1.14,1.37,1.49,1.64,1.85,1.77,2.43,2.47,2.52,2.19,2.58
99,03061434,Anton-Saefkow-Park,3.64,4.16,3.75,3.48,3.2,3.1,3.52,4.66,5.11,5.79,5.31,5.61,5.92
100,03061435,Conrad-Blenkle-Straße,1.73,1.73,2.1,2.5,2.23,2.65,2.83,0.38,0.19,4.24,0.4,0.59,5.72
101,03061441,Eldenaer Straße,null,null,null,null,null,null,0.0,null,null,1.6,null,14.72,null
102,03071536,Teutoburger Platz,3.57,4.55,4.55,3.84,2.91,4.15,3.92,4.88,4.44,5.68,6.18,6.26,6.24
103,03071537,Kollwitzplatz,5.92,6.31,5.93,6.15,5.74,5.56,6.29,6.91,6.63,6.27,5.57,6.14,5.89
104,03071633,Thälmannpark,5.35,6.3,6.45,5.73,4.55,5.16,5.27,5.6,5.91,7.12,7.24,8.31,8.6
105,03071638,Winsstraße,3.39,3.64,4.16,3.17,3.49,3.85,4.4,4.61,4.58,4.64,3.93,4.32,4.65
106,03071639,Bötzowstraße,2.66,2.63,2.67,3.97,3.31,3.98,4.07,4.51,4.63,4.99,4.2,4.33,4.47
107,04010101,Jungfernheide,3.27,4.07,5.12,4.34,4.49,4.87,5.4,6.18,5.74,7.29,7.62,8.43,8.31
108,04010102,Plötzensee,null,null,null,null,null,null,null,null,null,null,null,null,null
109,04010103,Paul-Hertz-Siedlung,6.44,7.25,8.42,8.25,8.8,9.23,9.58,10.15,10.55,11.1,11.69,12.06,12.97
110,04020204,Olympiagelände,null,null,null,null,null,null,null,null,null,null,null,null,null
111,04020205,Siedlung Ruhleben,1.92,1.12,1.08,1.37,1.38,1.36,1.59,2.09,null,1.46,1.76,1.43,1.4
112,04020206,Angerburger Allee,1.51,1.76,1.81,1.74,2.25,2.35,2.59,2.9,2.39,2.37,2.83,2.76,2.59
113,04020207,Flatowallee,0.65,0.76,1.03,0.89,1.01,1.03,1.31,1.64,1.6,1.91,2.2,2.3,2.64
114,04020208,Kranzallee,1.01,1.84,1.74,1.15,1.28,1.02,1.13,1.52,1.25,1.48,1.85,1.73,1.98
115,04020209,Eichkamp,null,null,null,null,null,0.48,null,null,null,null,0.46,0.45,null
116,04020310,Park Ruhwald,null,null,null,null,null,null,null,null,null,null,null,null,null
117,04020311,Reichsstraße,2.02,2.11,2.42,2.28,2.51,2.72,2.91,2.92,2.79,2.95,3.21,3.47,3.77
118,04020312,Branitzer Platz,3.08,2.91,3.22,3.19,3.19,3.14,3.27,3.51,3.56,4.16,4.7,4.92,4.58
119,04020313,Königin-Elisabeth-Straße,2.2,3.15,3.91,3.25,3.83,3.93,4.52,4.13,4.15,4.18,4.64,5.0,6.46
120,04020314,Messegelände,null,null,null,null,null,null,null,null,null,null,null,null,null
121,04030415,Schloßgarten,14.73,15.44,16.89,15.07,14.6,14.81,14.16,14.72,14.9,15.81,15.03,15.96,16.82
122,04030416,Klausenerplatz,13.81,14.46,17.97,15.58,16.54,15.8,17.89,16.8,16.5,16.73,16.92,17.12,17.03
123,04030417,Schloßstraße,6.39,6.89,7.95,6.58,7.1,7.75,8.73,8.83,9.03,9.7,10.33,10.07,10.55
124,04030518,Tegeler Weg,6.45,6.96,8.1,7.45,8.1,8.71,8.82,9.3,9.17,9.92,10.54,10.97,11.64
125,04030519,Kaiserin-Augusta-Allee,6.3,6.83,8.14,8.22,8.63,8.45,8.83,9.29,8.79,9.39,8.97,8.89,8.41
126,04030620,Alt-Lietzow,6.62,7.06,7.87,8.11,8.59,8.2,8.8,9.22,9.37,9.61,9.32,9.3,9.51
127,04030621,Spreestadt,17.37,17.0,17.94,15.64,15.3,16.22,18.89,18.24,17.44,18.64,18.62,18.72,17.05
128,04030622,Richard-Wagner-Straße,6.68,7.8,9.05,8.79,9.22,10.19,11.51,12.32,12.97,13.94,13.63,13.39,13.22
129,04030623,Ernst-Reuter-Platz,9.01,9.57,11.0,11.59,13.09,13.24,14.29,14.52,15.18,14.35,15.31,16.2,17.46
130,04030724,Lietzensee,5.79,6.63,8.04,7.51,7.26,6.64,7.08,7.55,7.36,7.88,7.65,7.88,8.34
131,04030725,Amtsgerichtsplatz,5.2,5.47,5.81,6.17,6.54,6.24,6.89,6.86,6.12,6.66,7.06,6.85,6.8
132,04030726,Droysenstraße,6.66,6.95,7.43,6.91,7.79,8.03,7.32,7.29,6.99,7.37,7.05,7.35,6.75
133,04030827,Karl-August-Platz,8.44,8.28,10.61,10.59,10.46,10.6,11.25,11.6,10.99,11.26,11.56,11.69,11.64
134,04030828,Savignyplatz,6.23,6.66,7.38,6.82,6.89,6.63,7.41,7.26,7.42,7.61,7.54,7.81,8.03
135,04030929,Hindemithplatz,7.07,7.72,8.93,7.26,7.73,8.74,9.04,8.43,8.83,9.77,10.43,9.98,10.3
136,04030930,George-Grosz-Platz,4.2,4.76,6.19,5.93,6.52,6.13,6.07,7.01,6.39,6.68,7.65,7.54,7.46
137,04030931,Breitscheidplatz,3.88,5.06,6.18,5.37,5.53,6.36,7.34,8.61,9.51,9.41,8.8,8.55,8.81
138,04031032,Halensee,4.28,4.85,5.25,5.37,5.41,5.57,6.25,6.58,6.62,6.99,6.94,7.02,6.83
139,04041133,Güterbahnhof Grunewald,null,null,null,null,null,null,null,null,null,null,null,null,null
140,04041134,Bismarckallee,2.74,3.06,3.83,3.61,3.99,4.39,4.93,5.11,5.07,5.61,5.99,6.21,6.43
141,04041135,Hundekehle,0.98,1.18,1.59,1.1,0.99,0.9,0.86,0.96,0.84,1.16,1.16,1.48,1.36
142,04041136,Hagenplatz,0.74,1.18,1.56,1.17,1.03,1.07,1.51,1.82,1.68,1.99,2.19,2.45,2.58
143,04041137,Flinsberger Platz,2.72,2.98,3.66,3.66,3.76,3.89,4.32,4.87,5.04,5.66,5.87,5.82,6.26
144,04041238,Kissinger Straße,1.71,1.53,2.07,1.74,2.28,2.55,2.8,2.81,2.54,2.88,3.23,3.58,3.78
145,04041239,Stadion Wilmersdorf,null,null,null,null,null,null,null,null,null,null,null,null,null
146,04041240,Messelpark,0.88,null,0.84,0.61,0.82,0.79,0.97,1.35,null,1.32,1.3,1.48,1.67
147,04041241,Breite Straße,2.22,2.62,3.08,2.45,2.66,3.06,3.01,3.34,3.34,3.55,3.76,3.75,3.74
148,04041342,Schlangenbader Straße,4.69,6.38,7.34,5.76,6.74,6.5,7.09,7.0,6.4,7.89,8.44,8.42,8.83
149,04041343,Binger Straße,4.88,5.08,5.52,5.35,5.34,6.24,6.36,6.7,6.8,8.13,7.99,7.96,7.86
150,04041344,Rüdesheimer Platz,2.15,1.98,2.61,2.85,3.31,3.92,3.95,4.17,3.97,3.62,3.75,3.87,3.72
151,04051445,Eisenzahnstraße,3.52,3.49,4.97,4.98,5.73,6.29,6.63,7.46,6.85,7.77,7.44,7.62,7.79
152,04051446,Preußenpark,3.48,4.24,4.43,4.34,4.16,4.86,5.78,5.9,6.13,6.69,7.13,7.33,7.66
153,04051447,Ludwigkirchplatz,3.47,3.73,4.85,4.78,6.16,5.96,5.79,6.13,5.81,6.17,5.77,6.14,6.35
154,04051448,Schaperstraße,5.14,5.19,5.5,5.41,5.68,5.45,5.63,5.89,5.8,6.42,6.54,6.84,7.01
155,04051549,Rathaus Wilmersdorf,3.76,3.43,4.31,4.5,4.92,5.17,5.93,6.33,5.87,7.42,7.15,6.75,7.02
156,04051550,Leon-Jessel-Platz,5.53,5.23,6.41,6.11,6.67,6.76,6.51,6.7,8.31,7.56,7.85,8.84,9.15
157,04051551,Brabanter Platz,5.1,5.92,6.53,6.29,6.97,7.4,7.75,8.41,8.3,8.71,7.85,8.23,8.32
158,04051652,Nikolsburger Platz,4.69,5.12,5.64,5.02,5.36,5.76,6.02,6.01,6.36,6.79,7.13,7.0,7.17
159,04051653,Prager Platz,4.78,4.6,5.17,4.43,4.13,4.56,4.9,5.29,5.48,5.93,6.14,6.41,6.2
160,04051654,Wilhelmsaue,2.77,3.3,4.56,3.15,4.01,4.7,4.27,5.27,5.54,5.49,5.33,6.18,6.36
161,04051655,Babelsberger Straße,6.22,6.25,7.7,7.5,7.88,7.84,8.0,8.41,7.85,8.01,8.4,8.48,8.82
162,04051656,Hildegardstraße,3.31,3.03,3.21,3.31,3.45,3.47,4.41,4.63,4.67,5.46,5.0,5.49,6.3
163,04061757,Forst Grunewald,null,null,null,null,null,null,null,null,null,null,null,null,null
164,05010101,Hakenfelde Nord,1.43,1.74,1.71,1.65,1.69,1.85,2.27,2.51,2.65,2.7,2.82,3.04,3.13
165,05010102,Goltzstraße,2.58,2.26,2.15,1.95,2.13,2.22,2.72,2.79,2.66,3.23,3.4,3.69,3.86
166,05010103,Amorbacher Weg,2.33,2.19,2.28,1.93,1.86,2.21,1.99,2.24,2.24,2.74,2.93,3.32,3.54
167,05010204,Griesingerstr.,6.32,6.61,6.48,5.74,6.55,6.36,6.53,6.92,6.93,8.18,7.99,7.89,7.23
168,05010205,An der Tränke,null,null,null,null,null,null,null,null,null,null,null,null,1.19
169,05010206,Gütersloher Weg,4.84,5.21,4.94,4.22,4.57,4.92,5.75,5.86,5.39,6.28,6.05,6.04,6.25
170,05010207,Darbystr.,7.65,8.05,8.33,7.91,7.71,8.32,8.58,9.24,9.27,9.63,9.94,10.16,10.94
171,05010208,Germersheimer Platz,3.74,4.35,4.09,4.41,4.53,4.78,5.57,5.43,4.41,6.44,7.06,7.1,7.59
172,05010209,An der Kappe,1.52,1.55,1.26,1.3,1.51,1.89,1.77,2.16,2.11,2.32,2.29,2.13,2.54
173,05010310,Eckschanze,6.03,6.4,4.86,5.35,5.56,5.69,6.85,8.81,9.1,9.45,8.66,9.17,9.85
174,05010311,Eiswerder,3.82,4.49,4.21,4.04,3.77,3.94,3.87,4.15,4.48,4.77,4.97,5.46,5.43
175,05010312,Kurstr.,8.17,7.49,7.86,8.18,8.1,9.24,10.03,11.1,11.94,13.07,12.67,13.63,14.15
176,05010313,Ackerstr.,5.31,6.31,6.37,5.63,6.0,6.45,7.02,7.15,7.71,7.79,7.93,7.73,7.61
177,05010314,Carl-Schurz-Str.,5.28,5.33,4.75,4.59,4.69,5.22,5.68,6.11,5.68,7.08,7.47,8.04,8.14
178,05010339,Freiheit,null,null,null,null,null,null,null,null,null,null,null,null,null
179,05020415,Isenburger Weg,0.9,1.16,1.1,1.02,0.76,1.03,0.93,1.07,0.82,0.61,0.76,0.55,0.7
180,05020416,Am Heideberg,1.26,1.24,1.21,1.2,1.23,1.04,0.98,1.15,1.3,1.29,1.48,1.46,2.0
181,05020417,Staakener Str.,0.53,0.75,0.71,0.54,0.68,0.74,1.19,1.23,1.19,1.52,1.85,2.1,2.43
182,05020418,Spandauer Str.,1.77,2.37,2.61,2.28,2.47,2.56,3.0,3.97,3.9,4.4,3.8,3.84,4.22
183,05020419,Magistratsweg,3.67,3.71,3.29,3.34,3.44,3.86,4.05,4.33,3.67,5.25,5.22,5.3,5.55
184,05020420,Werkstr.,null,null,null,null,null,null,null,null,null,null,null,null,null
185,05020521,Döberitzer Weg,1.91,2.08,1.2,null,1.1,null,null,null,null,null,null,1.18,0.95
186,05020522,Pillnitzer Weg,7.04,7.57,6.68,6.97,6.4,7.42,8.08,8.22,8.32,9.69,8.69,9.46,9.48
187,05020523,Maulbeerallee,8.29,8.84,8.58,8.42,8.22,8.63,9.32,10.35,10.54,11.64,12.76,13.03,14.18
188,05020524,Weinmeisterhornweg,2.05,2.08,1.85,1.65,1.72,2.02,2.36,2.39,2.0,2.13,2.02,1.88,2.14
189,05020625,Borkumer Str.,4.75,4.66,3.92,3.17,3.51,4.59,5.1,5.53,4.63,5.92,6.48,6.66,6.99
190,05020626,Adamstr.,4.48,4.84,4.17,4.63,4.9,5.14,5.56,6.28,5.76,6.95,7.01,7.25,7.57
191,05020627,Tiefenwerder,5.23,5.33,6.19,5.38,5.85,6.81,6.9,7.63,8.75,9.7,9.68,11.32,12.27
192,05020628,Graetschelsteig,1.53,2.22,2.17,2.17,1.83,2.24,2.51,3.01,3.12,3.82,3.77,3.64,4.02
193,05020629,Börnicker Str.,0.81,0.8,0.88,1.15,1.56,1.37,1.31,1.52,1.5,1.43,1.54,1.52,1.7
194,05030730,Zitadellenweg,3.5,3.89,3.4,2.74,2.68,2.23,3.27,3.59,3.36,3.38,3.66,4.06,4.24
195,05030731,Gartenfelder Str.,3.64,4.25,3.18,2.84,3.09,3.75,4.13,4.77,4.0,6.07,6.35,6.79,6.96
196,05030832,Rohrdamm,3.22,4.04,3.94,3.89,4.21,5.03,5.78,6.28,6.59,6.72,6.77,7.38,7.49
197,05030833,Motardstr.,null,null,null,null,null,null,null,null,null,null,null,null,null
198,05040934,Alt-Gatow,0.5,null,null,0.53,0.32,0.53,0.73,0.98,0.84,0.93,1.0,1.18,1.18
199,05040935,Groß-Glienicker Weg,null,null,null,null,null,null,null,null,null,null,null,null,null
200,05040936,Jägerallee,0.5,0.47,0.44,0.41,0.29,0.34,0.38,0.73,0.7,1.09,0.83,0.97,1.09
201,05040937,Kladower Damm,null,null,null,null,null,null,null,0.69,0.41,0.53,1.03,1.03,1.03
202,05040938,Kafkastr.,null,null,null,null,null,null,0.0,null,null,null,null,null,null
203,06010101,Fichtenberg,1.17,1.03,1.18,1.08,1.18,1.21,1.27,1.52,1.61,1.83,2.11,2.3,2.77
204,06010102,Schloßstr.,5.37,5.25,5.41,5.18,5.15,4.42,5.36,5.65,5.74,5.96,5.89,5.97,5.48
205,06010103,Markelstr.,3.23,2.94,3.57,3.22,3.27,3.34,3.63,4.11,4.15,4.84,5.69,5.97,6.18
206,06010204,Munsterdamm,2.82,3.48,3.42,2.83,2.5,3.19,3.89,3.86,3.62,4.71,4.67,4.83,5.2
207,06010205,Südende,3.77,4.05,4.46,3.67,4.25,4.3,4.28,4.88,4.32,5.38,5.19,5.6,5.98
208,06010206,Stadtpark,3.8,3.95,4.46,3.64,3.4,3.68,4.91,5.09,4.1,5.94,5.98,5.97,6.1
209,06010207,Mittelstr.,2.98,2.96,4.07,3.42,3.3,4.15,4.66,4.86,4.75,5.18,5.21,5.31,5.52
210,06010208,Bergstr.,4.75,4.8,5.35,5.27,5.58,6.13,6.58,6.67,6.81,7.4,7.14,7.4,7.47
211,06010209,Feuerbachstr.,3.98,4.03,4.19,4.35,5.15,5.53,5.8,5.9,5.27,5.64,5.65,5.89,6.19
212,06010210,Bismarckstr.,4.81,5.02,5.0,3.46,3.43,4.2,4.87,4.61,4.22,5.72,5.97,6.36,6.1
213,06020301,Alt-Lankwitz,2.77,2.57,2.33,1.84,1.86,2.04,2.59,2.57,2.28,3.5,3.35,3.46,3.62
214,06020302,Komponistenviertel Lankwitz,1.13,1.17,1.24,1.39,1.53,1.5,1.67,1.79,1.65,2.76,2.52,2.43,2.36
215,06020303,Lankwitz-Kirche,2.53,2.91,3.1,2.81,2.89,3.45,3.75,3.98,3.36,4.27,4.85,5.34,5.94
216,06020304,Kaiser-Wilhelm-Str.,2.28,2.37,2.96,2.69,3.37,3.79,4.02,4.73,4.2,5.19,5.74,6.06,6.2
217,06020305,Gemeindepark Lankwitz,5.1,5.32,5.34,4.62,4.07,4.12,4.89,5.2,4.54,5.64,5.78,6.12,6.25
218,06020306,Lankwitz-Süd,2.57,2.53,2.7,1.69,2.12,2.4,2.56,2.44,2.02,2.44,2.81,3.11,2.85
219,06020407,Thermometersiedlung,5.75,5.69,5.94,5.42,4.36,4.84,5.63,6.83,6.98,7.66,7.34,8.04,8.15
220,06020408,Lichterfelde-Süd,4.13,4.16,3.65,3.17,2.94,3.19,3.48,4.11,3.82,4.73,5.07,5.08,4.9
221,06020409,Königsberger Str.,1.61,1.5,1.57,1.16,1.41,1.59,2.34,2.25,1.86,2.68,2.54,2.6,2.63
222,06020410,Oberhofer Platz,2.32,2.38,2.29,1.92,1.81,1.91,2.24,2.18,1.97,2.04,2.36,2.05,1.83
223,06020411,Schütte-Lanz-Str.,2.14,2.65,2.57,2.47,2.06,2.13,2.06,2.09,1.81,2.29,2.24,2.49,2.51
224,06030501,Berlepschstr.,null,0.43,0.66,0.65,0.69,0.76,0.82,1.1,1.32,1.27,1.2,1.42,1.59
225,06030502,Zehlendorf-Süd,3.38,3.4,3.79,2.9,2.84,2.63,3.44,4.19,3.37,4.85,5.13,5.35,4.9
226,06030503,Zehlendorf-Mitte,2.8,2.78,2.85,2.01,2.43,2.6,2.9,3.25,2.56,3.22,3.17,3.2,3.16
227,06030504,Teltower Damm,1.06,1.17,1.09,1.02,1.01,1.07,1.05,1.21,0.99,1.12,1.38,1.3,1.22
228,06030605,Botanischer Garten,2.3,2.34,2.46,1.69,1.8,1.66,2.21,2.27,1.86,2.13,2.48,2.67,2.7
229,06030606,Hindenburgdamm,2.33,2.61,3.02,2.54,2.8,2.86,3.05,3.08,2.61,3.11,3.2,3.52,3.6
230,06030607,Goerzwerke,1.09,1.22,0.84,0.83,1.3,1.28,1.74,2.2,1.85,2.44,2.58,3.25,2.61
231,06030608,Schweizer Viertel,1.27,1.22,1.34,1.23,1.15,1.28,1.36,1.29,1.08,1.35,1.4,1.73,1.65
232,06030609,Augustaplatz,1.71,1.69,1.7,1.14,1.41,1.28,1.79,2.09,1.47,2.11,2.08,2.3,2.31
233,06030610,Lichterfelde-West,1.69,1.83,1.6,1.25,1.02,1.13,1.28,1.21,1.26,1.59,1.68,1.89,2.03
234,06040701,Wannsee,1.33,1.38,1.12,1.29,1.4,1.41,1.53,1.41,1.39,1.25,1.34,1.41,1.47
235,06040702,Düppel,0.85,1.13,1.5,1.69,1.48,1.8,2.17,2.72,2.46,2.14,2.38,2.82,2.89
236,06040703,Nikolassee,1.21,1.44,1.54,1.23,1.27,1.38,1.61,1.76,1.54,2.29,2.16,1.98,2.0
237,06040804,Krumme Lanke,1.07,1.08,1.13,1.07,1.24,1.21,1.0,0.81,0.84,1.09,1.36,1.48,1.47
238,06040805,Fischerhüttenstr.,1.34,1.37,1.45,1.26,1.51,1.43,1.45,1.69,1.39,2.01,2.01,2.0,2.07
239,06040806,Fischtal,2.06,2.06,2.05,1.17,1.16,1.32,1.45,1.49,1.37,1.85,1.96,1.86,2.26
240,06040807,Zehlendorf-Eiche,1.64,1.39,1.24,1.24,1.45,1.66,1.95,2.09,2.11,2.41,2.55,2.19,2.08
241,06040808,Hüttenweg,1.37,null,1.13,1.23,1.39,null,0.86,1.23,1.73,1.45,1.94,2.74,2.88
242,06040809,Thielallee,1.35,1.36,1.2,0.99,0.78,1.2,1.09,1.07,1.29,1.35,1.27,1.24,1.38
243,06040810,Dahlem,0.56,0.83,0.75,0.73,0.49,0.43,0.88,0.66,0.79,0.94,0.92,0.92,1.02
244,07010101,Wittenbergpl./Vikt.-Luise-Pl.,6.88,7.34,7.92,7.75,8.91,8.98,9.74,10.5,10.75,11.44,11.11,11.49,11.79
245,07010102,Nollendorfplatz,15.96,16.87,17.56,18.44,18.73,20.23,20.79,20.14,19.63,21.06,20.95,21.2,20.15
246,07010103,Barbarossaplatz,5.54,6.26,5.99,6.13,6.55,6.71,7.26,8.29,8.43,8.75,8.3,8.31,8.64
247,07010104,Dennewitzplatz,21.95,22.34,22.66,21.57,22.05,22.44,25.03,26.06,26.46,26.91,26.63,26.56,26.06
248,07020201,Bayerischer Platz,4.67,4.77,5.02,4.77,5.2,6.03,6.19,5.93,6.0,5.8,5.82,5.65,5.85
249,07020202,Volkspark (Rud.-Wilde-Park),5.8,6.01,6.59,6.88,7.5,7.39,7.21,7.07,7.5,7.41,7.96,7.72,8.31
250,07020203,Kaiser-Wilhelm-Platz,10.24,10.67,11.77,10.12,10.73,11.63,12.01,13.12,13.36,14.38,14.27,14.24,13.67
251,07020204,Schöneberger Insel,7.21,8.16,7.42,6.67,7.56,8.32,9.89,10.94,10.67,10.88,11.27,11.34,11.89
252,07030301,Friedenau,3.19,3.51,3.64,3.71,3.74,4.04,4.28,4.46,4.74,4.65,4.41,4.49,4.52
253,07030302,Ceciliengärten,3.15,3.25,3.47,3.44,3.78,3.98,4.24,4.48,4.86,4.63,4.89,4.59,4.7
254,07030303,Grazer Platz,5.02,5.26,6.01,6.28,6.49,6.85,7.15,7.67,7.09,7.65,7.81,8.24,8.04
255,07040401,Neu-Tempelhof,3.08,3.32,3.54,3.82,4.22,4.89,4.87,4.98,5.45,5.82,6.17,6.6,7.14
256,07040402,Lindenhofsiedlung,3.66,5.58,5.84,5.3,5.18,5.83,5.87,6.33,5.56,7.09,6.93,6.27,6.19
257,07040403,Manteuffelstr.,3.67,4.19,4.83,4.62,4.76,5.32,5.72,6.17,5.98,6.77,6.88,7.19,7.22
258,07040404,Marienhöhe,3.91,3.89,4.31,3.75,4.15,4.18,4.46,4.91,5.37,5.72,5.15,5.52,5.67
259,07040405,Rathaus Tempelhof,3.36,3.72,3.81,3.49,3.88,3.52,4.22,4.78,4.69,5.34,5.45,5.89,6.61
260,07040406,Germaniagarten,10.38,11.75,12.56,11.41,13.33,16.12,15.09,17.35,17.36,19.5,18.29,17.19,18.49
261,07050501,Rathausstr.,4.18,4.36,4.49,4.46,4.6,5.34,5.5,6.23,5.86,6.43,6.96,7.24,7.6
262,07050502,Fritz-Werner-Str.,1.37,1.78,1.76,1.97,2.26,2.48,2.83,3.18,3.32,3.8,3.98,3.58,3.87
263,07050503,Eisenacher Str.,2.33,2.57,3.05,2.51,3.14,3.31,3.87,4.34,4.25,4.67,4.99,5.41,5.42
264,07050504,Imbrosweg,3.51,3.35,3.54,3.03,3.57,4.14,4.7,5.1,4.6,4.78,4.95,5.04,5.21
265,07050505,Hundsteinweg,2.5,2.56,2.38,2.4,2.36,2.66,2.52,2.7,2.64,2.73,2.87,3.13,2.78
266,07050506,Birnhornweg,0.61,0.78,0.92,0.9,1.39,1.22,0.85,1.02,null,0.96,0.96,1.08,1.23
267,07060601,Marienfelder Allee Nordwest,4.31,4.32,4.15,4.49,4.65,4.76,5.19,5.36,5.02,5.72,5.72,5.47,5.86
268,07060602,Kirchstr.,1.09,1.35,1.97,1.58,1.4,1.21,1.62,1.77,1.71,2.35,2.59,2.46,2.35
269,07060603,Marienfelde Nordost,0.72,0.94,0.77,1.01,1.2,1.23,1.17,1.6,1.66,1.78,1.67,1.88,1.9
270,07060604,Marienfelde Süd,4.0,4.27,4.71,5.54,5.32,5.25,5.47,5.7,5.76,6.36,6.43,6.73,7.37
271,07070701,Kettinger Str./Schillerstr.,1.19,1.3,1.47,1.48,1.54,1.78,1.89,2.02,1.8,1.99,1.83,1.71,1.95
272,07070702,Alt-Lichtenrade/Töpch. Weg,1.93,2.14,1.91,2.49,2.49,2.61,2.61,3.01,2.59,2.87,3.02,3.2,3.43
273,07070703,John-Locke-Str.,3.68,3.79,4.0,4.03,3.96,4.13,4.69,5.05,5.25,5.6,5.36,5.62,5.7
274,07070704,Nahariyastr.,6.95,7.43,7.35,6.42,6.59,6.91,7.0,7.01,7.19,7.63,8.24,8.76,8.26
275,07070705,Franziusweg/ Rohrbachstr.,0.99,0.93,1.21,0.97,1.14,1.35,1.5,1.17,1.12,1.68,1.67,1.8,1.81
276,07070706,Horstwald. Str./Paplitzer Str.,1.46,1.77,1.74,1.6,1.16,1.33,1.23,1.6,1.58,1.48,1.55,1.44,1.5
277,07070707,Wittelsbacherstr.,0.98,0.59,0.68,0.68,0.34,0.64,0.6,0.47,null,0.68,0.67,0.79,1.01
278,08010115,Hasenheide,null,null,null,null,null,null,null,null,null,null,null,null,null
279,08010116,Wissmannstraße,22.06,23.6,23.15,23.15,24.35,26.4,26.63,29.86,28.02,29.25,29.7,29.67,29.34
280,08010117,Schillerpromenade,12.16,12.84,14.18,14.61,15.31,16.6,17.23,19.31,18.15,20.86,22.21,22.35,22.34
281,08010118,Silbersteinstraße,10.35,9.75,10.33,10.7,10.44,11.5,13.03,13.38,13.89,15.23,15.9,15.55,16.49
282,08010211,Flughafenstraße,14.22,13.94,12.93,15.34,17.15,18.55,18.93,20.32,18.11,20.75,21.41,22.22,21.57
283,08010212,Rollberg,17.18,17.76,18.97,19.44,19.17,20.57,20.18,22.47,22.04,23.29,22.6,23.08,23.0
284,08010213,Körnerpark,11.8,12.41,13.43,12.84,12.73,12.32,14.76,16.29,16.36,18.23,19.48,19.13,19.46
285,08010214,Glasower Straße,6.72,6.76,8.08,10.4,11.35,11.1,12.36,13.43,13.96,14.94,15.21,15.48,16.43
286,08010301,Reuterkiez,9.89,10.32,11.21,11.28,11.99,12.35,14.11,15.15,15.85,16.64,17.12,17.64,17.03
287,08010302,Bouchéstraße,4.93,5.92,6.47,5.43,5.52,6.36,7.44,8.51,8.68,8.66,8.16,9.26,10.37
288,08010303,Donaustraße,13.34,14.6,16.39,16.64,18.54,21.13,20.23,21.18,23.31,25.35,25.27,25.45,27.2
289,08010404,Rixdorf,10.08,9.8,10.46,11.52,13.03,14.19,15.39,16.02,15.65,17.86,17.97,18.22,17.53
290,08010405,Hertzbergplatz,7.61,7.32,7.98,7.52,7.89,8.69,9.73,10.45,10.64,11.17,12.17,12.78,13.73
291,08010406,Treptower Straße Nord,8.21,8.23,9.5,10.41,11.35,11.29,13.2,13.15,13.57,15.16,17.42,18.17,19.6
292,08010407,Gewerbegebiet Ederstraße,null,null,null,null,null,null,null,null,null,null,null,null,null
293,08010508,Weiße Siedlung,8.32,8.57,9.95,10.9,12.59,13.09,14.43,14.31,14.99,15.99,18.22,18.85,18.42
294,08010509,Schulenburgpark,7.5,8.32,9.05,11.52,13.66,14.03,14.64,15.06,14.77,17.57,18.22,18.41,19.6
295,08010510,Gewerbegeb. Köllnische Heide,null,null,null,null,null,null,null,null,null,null,null,null,null
296,08020619,Buschkrugallee Nord,5.79,6.09,6.02,7.03,7.36,7.48,7.26,8.26,8.65,8.82,9.42,9.16,9.74
297,08020620,Tempelhofer Weg,4.69,4.93,5.13,5.16,5.33,5.37,5.39,6.34,6.76,7.57,7.9,8.47,8.68
298,08020621,Mohriner Allee Nord,null,null,null,null,null,null,0.7,0.68,0.64,1.02,0.8,1.17,1.13
299,08020622,Parchimer Allee,4.38,4.37,4.56,4.53,4.82,5.44,5.88,6.4,5.63,6.84,6.88,6.91,6.67
300,08020623,Ortolanweg,4.8,3.18,3.77,4.35,1.83,3.43,4.26,4.74,4.0,4.02,3.45,4.19,4.82
301,08020624,Britzer Garten,null,null,null,null,null,null,6.73,null,null,null,12.34,11.16,11.21
302,08020625,Handwerker-Siedlung,3.49,3.91,4.08,3.95,3.75,4.04,4.49,5.19,4.97,5.28,5.13,4.98,5.61
303,08020726,Buckow West,2.17,2.12,2.13,2.36,2.16,2.21,2.63,2.49,2.7,2.79,2.72,3.07,3.18
304,08020727,Buckow Mitte,2.16,2.34,2.39,2.51,2.48,2.81,3.27,3.36,3.18,3.61,3.45,3.65,3.66
305,08020728,Buckow Ost,5.33,5.16,5.36,5.84,5.68,5.55,5.66,6.0,6.08,6.24,6.4,6.98,7.06
306,08030829,Gropiusstadt Nord,5.08,4.86,5.26,5.59,5.67,6.13,6.79,7.04,6.98,7.27,7.51,8.14,8.39
307,08030830,Gropiusstadt Süd,3.26,3.92,3.77,4.37,4.29,4.37,4.68,5.22,5.6,5.4,5.48,5.53,6.08
308,08030831,Gropiusstadt Ost,3.96,4.06,4.2,4.96,5.14,5.66,5.95,6.35,6.44,7.2,7.22,6.96,7.27
309,08040932,Goldhähnchenweg,2.82,3.21,3.39,3.2,2.88,3.25,3.28,3.76,3.9,3.75,3.87,3.64,3.4
310,08040933,Vogelviertel Süd,1.92,1.61,1.55,1.63,1.63,1.96,2.51,2.87,3.11,3.62,3.44,3.24,2.83
311,08040934,Vogelviertel Nord,1.65,1.62,1.77,1.5,1.25,1.62,1.59,1.73,2.17,3.11,3.38,3.48,2.9
312,08041035,Blumenviertel,0.94,0.82,0.84,0.84,0.73,0.86,0.88,0.91,0.93,1.35,1.23,1.16,1.06
313,08041036,Zittauer Straße,0.81,0.84,0.86,1.14,1.18,1.35,1.2,1.11,1.2,1.32,1.29,1.49,1.7
314,08041037,Alt-Rudow,2.05,2.32,2.31,2.44,2.52,2.67,3.09,3.21,2.98,3.36,3.46,3.27,3.48
315,08041038,Waßmannsdorfer Chaussee,2.11,1.85,1.63,1.64,1.78,1.95,2.05,1.84,2.73,2.63,2.61,2.44,2.24
316,08041039,Frauenviertel,1.61,1.84,1.35,2.68,3.3,2.97,3.27,3.62,3.56,3.99,3.36,3.45,3.53
317,08041040,Waltersdorfer Chaussee Ost,2.85,2.7,2.17,2.36,2.37,2.54,2.64,2.68,2.74,2.85,2.71,2.6,3.0
318,09010101,Elsenstr.,2.97,3.9,4.25,3.45,3.31,3.42,4.02,3.74,3.7,4.21,4.55,4.68,4.87
319,09010102,Am Treptower Park Nord,null,null,null,null,null,null,null,null,null,null,null,null,null
320,09010201,Am Treptower Park Süd,0.98,1.41,1.53,1.4,1.44,1.56,1.61,1.78,2.44,2.74,2.53,2.31,2.11
321,09010202,Köpenicker Landstraße,1.35,1.48,1.66,1.46,1.41,1.35,1.91,1.97,2.1,2.19,1.92,1.71,1.99
322,09010301,Baumschulenstraße,1.12,1.34,1.46,1.26,1.34,1.55,1.56,1.65,1.58,1.86,1.8,1.76,1.79
323,09010302,Späthsfelde,null,null,null,0.7,0.53,null,0.69,1.02,0.99,0.83,1.13,1.27,0.78
324,09010401,Johannisthal West,0.92,1.07,1.23,0.86,0.86,0.94,1.08,1.12,1.29,1.25,1.19,1.43,1.59
325,09010402,Johannisthal Ost,1.66,2.02,2.09,1.73,1.72,2.28,2.84,2.82,2.97,3.47,3.59,3.51,3.27
326,09020501,Oberschöneweide West,4.13,4.06,4.87,3.79,3.51,3.83,4.23,5.07,5.81,7.28,6.78,7.4,7.54
327,09020502,Oberschöneweide Ost,2.85,3.72,3.77,3.34,3.42,3.46,4.4,4.49,4.39,4.84,4.49,4.68,5.59
328,09020601,Schnellerstr,1.21,1.44,1.59,1.74,1.85,2.26,2.43,2.63,2.81,2.98,2.29,2.78,3.39
329,09020602,Oberspree,0.28,0.46,0.27,0.26,null,0.36,0.63,0.45,0.45,1.86,1.96,2.24,2.24
330,09020701,Adlershof West,null,null,null,null,null,null,null,null,null,null,null,null,1.97
331,09020702,Adlershof Ost,1.74,1.73,1.81,1.62,1.6,1.63,1.84,2.15,1.89,2.26,2.22,2.36,2.39
332,09020801,Spindlersfeld,1.66,2.18,2.46,1.84,2.54,2.6,2.67,2.46,2.63,3.58,3.28,3.44,3.94
333,09020802,Kölln. Vorstadt,2.3,1.95,1.84,1.77,1.78,2.24,2.98,3.03,2.68,3.16,2.32,2.4,2.48
334,09030901,Dorf Altglienicke,0.58,0.55,0.73,0.79,0.78,0.78,0.67,0.66,0.6,0.78,0.84,0.74,0.65
335,09030902,Wohngebiet II,4.46,4.8,4.69,3.83,4.14,4.22,5.27,5.37,4.89,5.72,5.99,5.83,6.03
336,09030903,Kölner Viertel,4.34,4.42,3.53,3.53,3.47,3.87,4.27,4.33,4.95,4.94,5.02,4.97,5.17
337,09031001,Bohnsdorf,0.57,0.75,0.72,0.74,0.65,0.69,0.94,1.08,1.04,1.14,1.26,1.25,1.3
338,09031101,Grünau,0.69,0.67,0.48,0.48,0.54,0.67,0.8,0.8,0.85,0.86,1.15,1.25,1.4
339,09031201,Karolinenhof,null,null,0.67,1.23,1.0,null,null,null,null,null,null,null,0.54
340,09031202,Schmöckw./Rauchf.-werder,0.63,null,0.59,null,null,null,null,null,0.55,0.7,1.01,0.83,0.96
341,09041301,Kietzer Feld/Nachtheide,0.95,0.98,1.12,0.87,0.84,0.97,1.07,1.03,1.23,1.33,1.23,1.49,1.49
342,09041302,Wendenschloß,null,null,null,null,null,null,null,null,null,null,null,0.59,0.58
343,09041401,Allende I,0.72,0.74,0.9,0.65,0.59,0.58,0.62,0.77,0.75,0.9,0.7,0.61,0.85
344,09041402,Allende II,2.65,2.93,1.56,1.27,1.83,2.33,1.33,1.64,null,1.37,2.17,1.9,2.47
345,09041501,Altstadt-Kietz,4.0,4.18,2.79,3.26,4.15,4.46,5.33,5.16,5.1,5.54,4.98,5.73,5.53
346,09041601,Müggelheim,0.75,0.69,0.68,0.64,0.64,0.91,0.6,0.59,0.52,0.75,0.67,0.83,0.82
347,09051701,Hirschgarten,1.47,1.6,1.46,1.24,1.27,1.59,1.63,1.82,1.84,1.63,1.32,1.34,1.24
348,09051702,Bölschestraße,0.89,1.06,1.17,0.9,0.97,1.03,1.16,1.18,1.09,1.02,0.93,0.78,0.87
349,09051801,Rahnsdorf/Hessenwinkel,0.5,0.7,0.63,0.79,0.7,0.8,0.74,0.9,0.71,0.86,0.72,1.06,0.84
350,09051901,Dammvorstadt,1.72,1.43,1.38,1.35,1.46,1.6,1.78,2.08,1.81,2.08,1.83,1.74,1.83
351,09052001,Köpenick-Nord,0.93,1.09,1.27,0.94,0.7,0.7,0.95,0.96,1.01,1.24,1.1,1.02,1.16
352,10010101,Marzahn-West,5.53,7.08,7.81,6.62,6.55,6.63,7.16,9.06,9.63,10.81,9.77,12.3,13.42
353,10010102,Havemannstr.,9.73,9.73,9.16,7.69,7.76,8.45,8.81,9.12,9.37,9.42,8.47,9.33,10.43
354,10010203,Gewerbegeb. Bitterfelder Str.,null,null,null,null,null,null,null,null,null,null,48.0,33.33,41.94
355,10010204,Wuhletalstr.,5.7,5.54,5.9,5.61,5.32,5.9,6.4,6.84,5.99,6.27,5.66,5.9,6.07
356,10010205,Marzahn-Ost,3.98,4.19,4.07,4.16,3.88,4.57,4.85,5.49,5.48,6.32,5.51,6.06,5.86
357,10010206,Ringkolonnaden,3.47,3.46,3.14,2.59,2.62,2.92,3.28,3.51,3.68,3.81,3.43,3.51,3.66
358,10010207,Marzahner Promenade,2.81,3.16,3.32,2.86,2.81,2.66,3.31,4.01,4.09,3.74,3.35,3.67,3.81
359,10010308,Marzahner Chaussee,null,null,0.78,null,null,1.24,1.46,1.43,1.12,1.11,1.13,0.66,1.28
360,10010309,Springpfuhl,2.17,2.34,2.33,1.89,1.96,2.04,2.47,2.85,2.85,2.98,2.73,2.93,2.96
361,10010310,Alt-Marzahn,2.08,2.11,1.96,1.85,1.77,2.11,2.24,2.42,2.45,2.68,2.3,2.43,2.5
362,10010311,Landsberger Tor,1.98,2.3,2.02,1.41,1.69,1.26,2.24,2.5,2.77,2.78,2.3,2.69,2.34
363,10020412,Alte Hellersdorfer Straße,7.16,6.14,7.41,6.51,6.13,6.3,6.85,7.97,8.02,8.56,10.1,10.32,11.25
364,10020413,Gut Hellersdorf,3.77,4.55,5.15,4.64,5.21,5.89,6.59,6.94,6.37,6.97,7.2,7.65,7.61
365,10020414,Helle Mitte,9.91,10.76,11.31,11.63,11.27,10.75,11.01,12.8,14.67,13.73,15.13,15.16,17.07
366,10020415,Hellersdorfer Promenade,4.7,4.82,5.73,5.32,5.39,6.25,6.18,7.07,6.0,7.61,7.34,8.36,8.76
367,10020416,Böhlener Str.,2.12,2.66,4.05,3.21,4.37,4.76,6.19,8.18,7.95,8.29,8.01,9.35,8.97
368,10020517,Adele-Sandrock-Str.,2.16,2.61,2.42,1.83,1.97,2.12,2.13,2.6,2.93,2.77,2.68,3.18,3.11
369,10020518,Schleipfuhl,2.96,3.3,4.21,3.83,2.7,2.88,3.31,4.26,3.26,4.31,2.61,3.92,4.53
370,10020519,Boulevard Kastanienallee,5.14,4.76,3.9,4.5,4.69,5.58,6.85,7.0,7.83,7.75,7.12,8.66,8.55
371,10020620,Kaulsdorf-Nord II,5.73,7.41,6.92,5.46,5.22,5.28,6.42,6.25,6.02,6.97,6.18,5.82,6.84
372,10020621,Gelbes Viertel,5.88,6.35,7.8,7.07,6.54,7.14,7.2,8.61,8.71,8.26,9.48,9.08,8.91
373,10020622,Kaulsdorf-Nord I,2.68,2.61,2.68,2.34,2.19,2.88,3.03,3.0,2.83,2.85,2.4,2.71,2.85
374,10020623,Rotes Viertel,2.41,2.84,3.07,3.07,3.37,3.8,3.65,3.2,3.3,3.38,3.06,2.95,3.83
375,10030724,Oberfeldstr.,0.34,0.39,0.31,0.36,0.18,null,0.17,0.23,0.27,0.47,0.45,0.44,0.38
376,10030725,Buckower Ring,4.37,5.28,4.59,3.92,3.8,3.6,3.88,4.31,4.46,4.99,4.8,5.14,5.12
377,10030726,Alt-Biesdorf,0.49,0.48,0.46,null,null,null,null,0.43,0.54,0.67,0.66,0.64,0.72
378,10030727,Biesdorf-Süd,0.32,0.37,null,0.27,0.19,null,0.36,0.34,0.39,0.53,0.4,0.34,0.45
379,10040828,Kaulsdorf-Nord,0.3,0.28,0.45,0.44,0.43,0.43,0.5,0.41,0.39,0.61,0.8,0.97,0.67
380,10040829,Alt-Kaulsdorf,0.81,0.78,0.75,0.72,null,0.56,0.81,1.17,1.0,1.38,1.46,1.41,1.61
381,10040830,Kaulsdorf-Süd,0.65,0.61,0.44,0.28,0.35,0.28,0.41,0.39,0.56,0.55,0.58,0.51,0.54
382,10040931,Mahlsdorf-Nord,0.61,0.78,0.47,0.59,0.45,0.5,0.55,0.73,0.81,0.73,0.54,0.57,0.69
383,10040932,Alt-Mahlsdorf,null,null,null,0.42,null,0.55,0.66,0.66,0.63,0.86,0.71,0.68,0.74
384,10040933,Mahlsdorf-Süd,0.22,0.28,0.5,0.56,0.51,0.4,0.68,0.7,0.57,0.78,0.76,0.64,0.68
385,11010101,Dorf Malchow,null,null,null,null,null,null,null,null,null,null,null,null,null
386,11010102,Dorf Wartenberg,null,null,null,null,null,null,null,null,null,null,null,null,null
387,11010103,Dorf Falkenberg,null,null,null,null,1.83,null,null,2.4,null,null,null,null,null
388,11010204,Falkenberg Ost,4.97,4.92,5.36,4.64,4.79,5.09,5.53,6.41,6.62,6.87,6.71,6.82,6.99
389,11010205,Falkenberg West,4.13,3.93,3.4,3.69,3.94,4.15,4.17,5.01,5.4,5.33,5.36,5.65,6.22
390,11010206,Wartenberg Süd,3.46,4.61,4.75,4.48,4.57,4.63,5.89,6.15,5.91,6.26,6.27,5.79,5.99
391,11010207,Wartenberg Nord,4.07,4.01,4.22,3.87,3.3,3.91,3.95,4.13,5.21,5.41,5.46,5.95,6.28
392,11010308,Zingster Straße Ost,2.62,2.8,2.55,2.59,2.61,2.85,2.99,3.02,3.13,3.46,3.18,3.54,3.68
393,11010309,Zingster Straße West,2.65,2.68,2.93,2.86,2.85,3.16,3.66,4.3,4.47,4.99,4.45,5.12,5.44
394,11010310,Mühlengrund,1.86,1.7,2.11,1.34,1.05,1.13,1.3,1.66,1.67,1.68,1.38,1.96,1.9
395,11020411,Malchower Weg,0.64,0.84,0.87,0.91,0.89,0.82,0.79,0.98,0.76,0.99,1.02,1.04,1.09
396,11020412,Hauptstraße,2.49,2.67,2.51,1.55,1.24,1.41,1.63,2.45,2.58,3.2,2.92,2.68,2.59
397,11020513,Orankesee,null,null,null,null,null,null,0.42,null,null,0.52,0.75,1.09,0.97
398,11020514,Große-Leege-Straße,1.62,1.63,1.8,0.97,1.19,1.58,1.68,1.9,1.69,2.14,2.45,2.9,3.21
399,11020515,Landsberger Allee,2.06,2.1,1.98,1.82,1.99,2.28,2.41,2.64,2.27,2.55,2.2,2.62,2.68
400,11020516,Weiße Taube,0.61,0.44,0.42,null,null,null,0.41,0.54,0.79,0.39,0.65,0.64,0.87
401,11030617,Hohenschönhausener Str.,1.9,1.82,2.17,1.98,1.65,1.9,1.98,2.17,2.23,2.4,2.34,2.5,3.11
402,11030618,Fennpfuhl West,2.2,2.17,2.48,2.16,2.05,2.02,2.15,2.44,2.68,2.58,2.43,2.48,2.56
403,11030619,Fennpfuhl Ost,2.41,2.52,2.85,2.54,2.51,2.57,3.09,3.28,3.44,3.81,3.15,3.26,3.54
404,11030720,Herzbergstraße,3.14,2.45,3.4,2.02,3.06,2.96,4.07,5.25,5.95,5.36,5.09,5.59,6.08
405,11030721,Rüdigerstraße,2.08,2.32,2.44,2.18,2.18,2.32,2.61,3.04,3.1,3.48,3.13,3.59,3.63
406,11030824,Frankfurter Allee Süd,1.9,1.84,1.9,1.96,2.21,2.11,2.49,2.78,3.2,3.57,3.49,3.73,4.0
407,11040925,Victoriastadt,9.3,9.76,10.84,7.5,5.95,6.74,7.37,10.0,10.64,11.58,13.89,12.28,15.65
408,11040926,Weitlingstraße,2.54,2.84,3.06,2.79,3.1,3.09,3.77,4.19,4.33,4.87,4.76,5.26,5.82
409,11041022,Rosenfelder Ring,2.07,1.8,1.94,1.59,1.54,2.12,2.65,2.77,2.54,2.89,3.08,3.78,4.14
410,11041023,Gensinger Straße,3.77,3.45,3.63,3.58,3.91,3.78,3.6,3.76,3.78,4.14,3.57,3.83,4.28
411,11041027,Tierpark,3.84,3.95,4.97,4.07,3.14,3.33,3.83,4.69,5.09,6.53,6.02,6.64,5.59
412,11041128,Sewanstraße,1.51,1.69,1.87,1.55,1.66,1.76,1.79,1.99,1.87,2.19,1.88,2.04,2.1
413,11051229,Rummelsburg,null,1.09,1.29,1.21,null,0.95,0.75,null,0.74,1.44,1.2,0.94,1.81
414,11051330,Karlhorst West,2.43,2.78,3.14,1.71,1.78,2.56,2.49,2.86,2.37,2.73,3.01,3.06,3.0
415,11051331,Karlshorst Nord,0.84,0.81,0.68,0.66,0.56,0.64,0.59,0.92,1.2,1.15,1.08,1.11,1.11
416,11051332,Karlshorst Süd,1.46,0.93,1.03,0.91,0.81,1.2,0.95,1.18,1.02,1.67,1.95,2.03,1.79
417,12214125,Waldidyll/Flughafensee,1.63,1.56,1.58,1.27,1.51,1.35,1.38,1.79,1.86,1.84,2.05,2.46,2.51
418,12214126,Tegel-Süd,4.95,5.43,5.7,4.54,4.33,4.58,5.88,6.38,6.06,7.68,7.4,7.89,8.37
419,12224229,Konradshöhe/Tegelort,0.73,0.83,0.85,0.64,0.56,0.61,0.36,0.35,0.45,0.49,0.49,0.59,0.54
420,12224230,Heiligensee,1.15,1.12,1.09,0.88,0.81,0.94,0.99,1.12,1.06,1.04,1.09,1.09,1.14
421,12231101,Hermsdorf,0.92,1.05,0.98,0.8,0.74,0.84,0.96,1.11,0.93,1.0,1.02,1.32,1.65
422,12231102,Frohnau,0.66,0.84,0.81,0.7,0.73,0.77,0.82,0.97,0.99,0.91,1.1,1.1,1.15
423,12301203,Wittenau-Süd,1.7,1.97,2.41,2.27,2.43,2.53,2.76,2.95,2.46,2.72,2.87,3.14,3.24
424,12301204,Wittenau-Nord,1.93,2.28,1.99,1.26,1.7,2.22,2.26,2.59,2.26,2.88,2.52,2.86,3.47
425,12301205,Waidmannslust,0.65,0.63,0.7,0.6,1.11,1.0,1.34,1.39,1.36,1.43,1.47,1.54,1.68
426,12301206,Lübars,1.22,1.52,1.58,1.52,2.03,2.18,2.49,2.29,2.04,2.42,2.47,2.22,2.3
427,12304313,Borsigwalde,2.74,3.23,3.39,3.4,3.43,3.69,4.02,3.82,3.44,4.5,4.8,4.61,4.92
428,12304314,Ziekowstraße/Freie Scholle,1.82,2.31,2.68,2.46,2.9,3.12,3.31,3.47,3.25,3.38,3.63,3.61,4.12
429,null,Berlin,3.87,4.12,4.37,4.25,4.35,4.6,4.84,5.13,5.26,5.54,5.52,5.72,5.9
430,12103115,Breitkopfbecken,null,null,null,5.99,6.01,7.16,7.58,8.07,7.78,8.65,9.36,9.87,10.56
431,12103116,Hausotterplatz,null,null,null,5.19,5.51,5.64,5.38,5.98,5.04,6.25,6.57,7.03,7.59
432,12103117,Letteplatz,null,null,null,4.91,5.5,6.23,6.87,6.99,6.79,9.0,8.1,8.77,9.51
433,12103218,Teichstraße,null,null,null,4.73,4.83,4.78,5.47,6.48,6.24,6.82,7.04,7.61,8.14
434,12103219,Schäfersee,null,null,null,3.14,3.18,3.52,3.83,4.26,4.37,4.73,4.97,5.14,5.39
435,12103220,Humboldtstraße,null,null,null,2.74,2.9,3.25,3.51,3.73,3.27,4.21,4.22,4.0,4.46
436,12214421,Reinickes Hof,null,null,null,3.26,3.52,4.29,4.27,4.44,4.61,3.87,4.78,5.23,5.12
437,12214422,Klixstr.,null,null,null,7.69,7.58,8.37,9.53,10.15,8.65,9.87,11.36,12.15,12.39
438,12214423,Mellerbogen,null,null,null,3.78,3.34,3.38,3.73,4.22,3.49,3.83,4.06,4.47,4.81
439,12214424,Scharnweberstr.,null,null,null,4.86,5.61,5.56,6.03,6.8,6.54,7.07,6.77,7.85,8.02
440,12214527,Alt-Tegel,null,null,null,2.07,2.06,2.14,2.65,2.58,2.44,2.77,2.75,2.88,3.49
441,12214528,Tegeler Forst,null,null,null,null,null,null,null,null,null,null,null,null,null
442,12302107,Schorfheidestr.,null,null,null,1.24,1.81,0.83,1.72,1.76,1.61,2.0,1.86,1.94,2.68
443,12302108,Märkisches Zentrum,null,null,null,3.98,3.9,4.37,4.6,4.59,4.35,4.97,4.92,5.14,5.71
444,12302109,Treuenbrietzener Str.,null,null,null,6.32,6.39,6.34,7.28,7.8,7.43,8.15,8.45,9.04,8.87
445,12302110,Dannenwalder Weg,null,null,null,4.2,4.82,4.64,5.09,5.41,4.9,5.61,6.0,6.7,6.97
446,12302211,Lübarser Straße,null,null,null,2.43,2.5,2.27,2.3,2.35,2.19,2.26,2.55,2.5,2.33
447,12302212,Rollbergesiedlung,null,null,null,6.07,7.1,7.61,8.12,7.87,7.47,8.33,9.66,10.15,11.0
448,null,unbekannt,null,null,null,null,null,null,null,null,null,null,0.1,0.11,0.12
